<?xml version="1.0" encoding="UTF-8"?>
<!DOCTYPE mapper PUBLIC "-//mybatis.org/DTD Mapper 3.0" 
		"http://mybatis.org/dtd/mybatis-3-mapper.dtd">
<mapper namespace = "cn.org.flute.dao.AdminDao">

	<resultMap id="news" type="cn.org.flute.bean.Article">
		<result property="id" column="id" javaType="java.lang.Integer"/>
		<result property="title" column="title" javaType="java.lang.String"/>
		<result property="userName" column="userName" javaType="java.lang.String"/>
		<result property="content" column="content" javaType="java.lang.String"/>
		<result property="direction" column="direction" javaType="java.lang.String"/>
		<result property="createTime" column="createTime" javaType="java.util.Date"/>
		<result property="type" column="type" javaType="java.lang.Integer"/>
		<result property="faceImg" column="faceImg" javaType="java.lang.String"/>
		<result property="ip" column="ip" javaType="java.lang.String"/>
		<result property="status" column="status" javaType="java.lang.Integer"/>
	</resultMap>

	<resultMap id="admin" type="cn.org.flute.bean.Admin">
		<result property="id" column="id" javaType="java.lang.Integer"/>
		<result property="userName" column="userName" javaType="java.lang.String"/>
		<result property="userPwd" column="userPwd" javaType="java.lang.String"/>
		<result property="createTime" column="createTime" javaType="java.util.Date"/>
		<result property="lastLoginTime" column="lastLoginTime" javaType="java.util.Date"/>
		<result property="salt" column="salt" javaType="java.lang.String"/>
		<result property="status" column="status" javaType="java.lang.Integer"/>
	</resultMap>

	<select id="getAdminByUserName" resultMap="admin">
		SELECT userName,userPwd,salt,status,createTime,lastLoginTime
		FROM flute.fl_admin
        WHERE userName = #{userName}
	</select>

	<insert id="saveArticle" parameterType="cn.org.flute.bean.Article" >
		INSERT INTO
			fl_article (title, faceImg, direction, userName, content, createTime, type, ip, status)
		VALUES
			(#{title}, #{faceImg}, #{direction}, #{userName}, #{content}, NOW(), #{type}, #{ip}, 1)
	</insert>

	<select id="getArticleList" resultMap="news">
		SELECT id,title,userName,createTime
		FROM fl_article a
			WHERE a.id > 1
		ORDER BY id DESC
		LIMIT #{page},25
	</select>

	<select id="getArticleById" resultMap="news">
		SELECT id,type,title,content,faceImg
		FROM fl_article
		WHERE id = #{id}
	</select>

	<select id="updateArticle">
		UPDATE fl_article a
		SET a.type = #{type},
			a.title = #{title},
			a.content = #{content},
			a.direction = #{direction},
			a.createTime = NOW()
		WHERE
	  		a.id = #{id}
	</select>

	<select id="delArticleById" resultType="java.lang.Integer">
		DELETE
			FROM
				fl_article
		WHERE
			id = #{id}
	</select>

	<update id="updateAdmin" parameterType="cn.org.flute.bean.Admin">
		UPDATE fl_admin
		SET userPwd = #{userPwd},
			lastLoginTime = NOW()
		WHERE
			userName = #{userName}
	</update>
</mapper>