<?xml version="1.0" encoding="UTF-8"?>
<!DOCTYPE mapper PUBLIC "-//mybatis.org/DTD Mapper 3.0" 
		"http://mybatis.org/dtd/mybatis-3-mapper.dtd">
<mapper namespace = "cn.org.flute.dao.IndexDao">

	<resultMap id="news" type="cn.org.flute.bean.Article">
		<result property="id" column="id" javaType="java.lang.Integer"/>
		<result property="title" column="title" javaType="java.lang.String"/>
		<result property="userName" column="userName" javaType="java.lang.String"/>
		<result property="content" column="content" javaType="java.lang.String"/>
		<result property="direction" column="direction" javaType="java.lang.String"/>
		<result property="createTime" column="createTime" javaType="java.util.Date"/>
		<result property="type" column="type" javaType="java.lang.Integer"/>
		<result property="faceImg" column="faceImg" javaType="java.lang.String"/>
		<result property="ip" column="ip" javaType="java.lang.String"/>
		<result property="status" column="status" javaType="java.lang.Integer"/>
	</resultMap>

	<select id="getNewsByType" resultMap="news">
		SELECT
			id,
			title,
			direction,
			createTime,
			faceImg
		FROM fl_article n
		WHERE
			n.type = #{type}
		ORDER BY n.createTime DESC
		LIMIT 6
	</select>

	<select id="getCommitArticle" resultMap="news">
		SELECT
			n.id,
			n.title,
			n.createTime
		FROM fl_article n
			WHERE n.type = #{type}
		ORDER BY n.id DESC
		LIMIT #{page},15
	</select>

	<select id="getArticleById" resultMap="news">
		SELECT a.id,a.userName,a.createTime,a.content,a.title,a.type
			FROM fl_article a
		WHERE a.id = #{id}
	</select>

	<select id="getTwoArticle" resultMap="news">
		(SELECT a.id,a.title,a.createTime FROM fl_article a WHERE id > #{id} AND type = #{type} ORDER BY id ASC LIMIT 1)
		UNION
		(SELECT a.id,a.title,a.createTime FROM fl_article a WHERE id &lt; #{id} AND type = #{type} ORDER BY id DESC LIMIT 1)
	</select>

	<select id="getArticleCount" resultType="Integer" parameterType="java.lang.Integer">
		SELECT count(a.id)
		FROM fl_article a
		<where>
			<choose>
				<when test="type &lt; 1">
					id > 1
				</when>
				<otherwise>
					a.type = #{type}
				</otherwise>
			</choose>
		</where>
	</select>
</mapper>