<?xml version="1.0" encoding="UTF-8"?>
<beans xmlns="http://www.springframework.org/schema/beans"
	xmlns:xsi="http://www.w3.org/2001/XMLSchema-instance" 
	xmlns:context="http://www.springframework.org/schema/context"
	xmlns:task="http://www.springframework.org/schema/task"
	xmlns:mvc="http://www.springframework.org/schema/mvc"
	xsi:schemaLocation="http://www.springframework.org/schema/beans
		http://www.springframework.org/schema/beans/spring-beans-3.0.xsd
		http://www.springframework.org/schema/context   http://www.springframework.org/schema/context/spring-context-3.0.xsd
		http://www.springframework.org/schema/mvc   
		http://www.springframework.org/schema/mvc/spring-mvc-4.3.xsd
		http://www.springframework.org/schema/task
		http://www.springframework.org/schema/task/spring-task-3.2.xsd">


	<!-- 启动自动扫描    你controller 扫描就没打开   就没扫描到controller -->
 	<context:component-scan base-package="cn.org.flute">
	    <context:include-filter type="annotation" expression="org.springframework.stereotype.Controller"/>
    </context:component-scan>
    <!--  <context:component-scan base-package="com.digestchina.service.impl"/>-->
    <!--   <context:component-scan base-package="com.digestchina.dao"/> --> <!-- 这里谁写的？  这里不需要配 -->
    <!-- 启动注解,注册服务, 如验证框、全局类型转换器 -->
	<!--<mvc:annotation-driven/>-->
    <mvc:annotation-driven>
        <mvc:message-converters>
            <bean class="org.springframework.http.converter.StringHttpMessageConverter">
                <property name="supportedMediaTypes">
                    <list>
                        <value>application/json;charset=UTF-8</value>
                        <value>text/html;charset=UTF-8</value>
                        <value>text/plain;charset=UTF-8</value>
                    </list>
                </property>
                <property name="writeAcceptCharset" value="false"/>
            </bean>
        </mvc:message-converters>
    </mvc:annotation-driven>
	<!-- 设置定时任务 -->
	<task:annotation-driven/>
	
	<!-- 配置静态文件    spring3.0.5以上 -->
	<mvc:default-servlet-handler/>

    <!-- 开启shiro注解支持 -->
    <bean class="org.apache.shiro.spring.security.interceptor.AuthorizationAttributeSourceAdvisor">
        <property name="securityManager" ref="securityManager" />
    </bean>


    <!--  当对SpringContextUtil 实例时就自动设置applicationContext,以便后来可直接用applicationContext  -->
    <!--<bean name="springContextUtil" class="com.digestchina.utils.SpringContextUtil" scope="singleton"></bean>-->


    <!-- 配置视图解析器 -->
	<!--
   	prefix和suffix：查找视图页面的前缀和后缀（前缀[逻辑视图名]后缀），
   	比如传进来的逻辑视图名为WEB-INF/jsp/hello，则该jsp视图页面应该存放在“WEB-INF/jsp/hello.jsp”; -->


    <!--配置静态资源映射,防止静态资源被拦截  -->
    <mvc:resources mapping="/js/**" location="/resource/js/"/>
    <mvc:resources mapping="/css/**" location="/resource/css/"/>
    <mvc:resources mapping="/images/**" location="/resource/images/"/>
    <mvc:resources mapping="/font/**" location="/resource/font/"/>
    <mvc:resources mapping="/assets/**" location="/assets/"/>
    <mvc:resources mapping="/ueditor/**" location="/ueditor/"/>


    <!-- 	org.springframework.web.servlet.view.InternalResourceViewResolver
        org.springframework.web.servlet.view.UrlBasedViewResolver -->
	<bean class="org.springframework.web.servlet.view.InternalResourceViewResolver">
		<property name="viewClass" value="org.springframework.web.servlet.view.JstlView"></property>
		<property name="prefix" value="/view/"></property> <!-- 我这里的视图直接放在WebRoot下的 -->
		<property name="suffix" value=".jsp"></property>
		<!--<property name="order" value="1"/> -->
	</bean>

<!--freemarker页面解析器 -->
    <!--<bean id="viewResolver"-->
        <!--class="org.springframework.web.servlet.view.freemarker.FreeMarkerViewResolver">-->
<!--         <property name="viewClass" value="org.springframework.web.servlet.view.freemarker.FreeMarkerView" /> -->
        <!-- 将Spring的FreeMarkerView改成我们扩展的View -->
        <!--<property name="viewClass" value="com.digestchina.tools.ExFreeMarkerView" />-->
        <!--<property name="suffix" value=".ftl"></property>-->
        <!--<property name="contentType" value="text/html;charset=UTF-8" />-->
        <!--<property name="exposeRequestAttributes" value="true" />-->
        <!--<property name="exposeSessionAttributes" value="true" />-->
        <!--<property name="exposeSpringMacroHelpers" value="true" />-->
        <!--<property name="order" value="0"/>-->
    <!--</bean>-->
 <!---->
    <!--<bean id="fmXmlEscape" class="freemarker.template.utility.XmlEscape" />-->
 
    <!--配置Freemarker -->
    <!--<bean id="freemarkerConfigurer"-->
        <!--class="org.springframework.web.servlet.view.freemarker.FreeMarkerConfigurer">-->
        <!-- 模版页面存放的位置 -->
        <!--<property name="templateLoaderPath" value="/WEB-INF/template/" />-->
        <!--<property name="freemarkerVariables">-->
            <!--<map>-->
                <!--<entry key="xml_escape" value-ref="fmXmlEscape" />-->
            <!--</map>-->
        <!--</property>-->
        <!--<property name="freemarkerSettings">-->
            <!--<props>-->
                <!--<prop key="template_update_delay">10</prop>-->
                <!--<prop key="defaultEncoding">UTF-8</prop>-->
            <!--</props>-->
        <!--</property>-->
    <!--</bean>-->
	
	
	<!-- 配置json数据 -->  
    <bean    
        class="org.springframework.web.servlet.mvc.annotation.AnnotationMethodHandlerAdapter">    
        <property name="messageConverters">    
            <list>    
                <ref bean="mappingJackson2HttpMessageConverter" />    
            </list>    
        </property>    
    </bean>    
    <bean id="mappingJackson2HttpMessageConverter"    
        class="org.springframework.http.converter.json.MappingJackson2HttpMessageConverter">    
        <property name="supportedMediaTypes">    
            <list>    
                <value>text/html;charset=UTF-8</value>    
                <value>text/json;charset=UTF-8</value>    
                <value>application/json;charset=UTF-8</value>    
            </list>    
        </property>    
    </bean>

    <!-- 上传配置 -->

    <bean id="multipartResolver" class="org.springframework.web.multipart.commons.CommonsMultipartResolver">

        <property name="defaultEncoding" value="UTF-8"></property>

    </bean>
</beans>