<?xml version="1.0" encoding="UTF-8"?>
<beans xmlns="http://www.springframework.org/schema/beans"
	xmlns:xsi="http://www.w3.org/2001/XMLSchema-instance" xmlns:aop="http://www.springframework.org/schema/aop"
	xmlns:tx="http://www.springframework.org/schema/tx" xmlns:util="http://www.springframework.org/schema/util"
	xmlns:context="http://www.springframework.org/schema/context"
	xsi:schemaLocation="
       http://www.springframework.org/schema/beans http://www.springframework.org/schema/beans/spring-beans.xsd
       http://www.springframework.org/schema/tx http://www.springframework.org/schema/tx/spring-tx.xsd
       http://www.springframework.org/schema/aop http://www.springframework.org/schema/aop/spring-aop.xsd
       http://www.springframework.org/schema/util http://www.springframework.org/schema/util/spring-util.xsd
       http://www.springframework.org/schema/context http://www.springframework.org/schema/context/spring-context.xsd">

	<description>myShiro 安全框架配置</description>

	<!-- 自定义Realm -->
	<bean id="myRealm" class="cn.org.flute.shiro.token.MyRealm">
		<!--MD5加密-->
		<property name="credentialsMatcher" ref="hashedCredentialsMatcher"/>
		<!--<property name="cacheManager" ref="cacheManager" />-->
	</bean>

    <!--用户密码md5加密-->
    <bean id="hashedCredentialsMatcher"
          class="org.apache.shiro.authc.credential.HashedCredentialsMatcher">
        <property name="hashAlgorithmName" value="MD5" />
        <property name="storedCredentialsHexEncoded" value="true" />
        <property name="hashIterations" value="1024" />
    </bean>

    <!-- 安全管理器 -->
    <bean id="securityManager" class="org.apache.shiro.web.mgt.DefaultWebSecurityManager">
        <property name="realm" ref="myRealm"/>
        <!--<property name="cacheManager" ref="cacheManager" />-->
    </bean>

    <!--  后台退出登录后, 返回到后台登录页  -->
    <bean id="logoutFilter" class="org.apache.shiro.web.filter.authc.LogoutFilter">
        <property name="redirectUrl" value="/admin/login" />
    </bean>

	<!--
		用户登录认证filter
		用户登录超时,ajax请求出错,链接无法跳转
	-->
	<bean id="authenticationFilter" class="cn.org.flute.shiro.filter.AuthenticationFilter"/>

	<!-- 用户授权信息Cache -->
	<!--<bean id="cacheManager" class="org.apache.shiro.cache.MemoryConstrainedCacheManager" />-->


	<bean id="shiroFilter" class="org.apache.shiro.spring.web.ShiroFilterFactoryBean">
		<property name="securityManager" ref="securityManager" />
		<property name="loginUrl" value="/admin/login" />
		<property name="successUrl" value="/admin/index" />
        <property name="unauthorizedUrl" value="/admin/unAuthor" />
        <!--	初始配置，现采用自定义	-->
		<property name="filterChainDefinitions" >
			<value>
				/css/** = anon
				/js/** = anon
				/font/** = anon
				/images/** = anon
				/assets/** = anon
				/ueditor/** = anon
				/upload/** = anon

				/admin/login = anon
				/admin/logout = logout
				/admin/** = authc
				/** = anon
			</value>
		</property>

        <property name="filters">
            <util:map>
                <entry key="logout" value-ref="logoutFilter"/>
				<!--<entry key="authc" value-ref="authenticationFilter"/>-->
            </util:map>
        </property>

		<!--  退出登录 拦截退出到后台登录页  -->
		<!--<property name ="logout" ref="logoutFilter"/>-->
		<!--  form验证    - - - -自定义验证token/登录等信息  -->
		<!--<property name="adminAuthc" ref="authenticationFilter" />-->
	</bean>

	<!-- Shiro生命周期处理器-->
	<bean id="lifecycleBeanPostProcessor" class="org.apache.shiro.spring.LifecycleBeanPostProcessor" />

    <bean class="org.springframework.beans.factory.config.MethodInvokingFactoryBean">
        <property name="staticMethod" value="org.apache.shiro.SecurityUtils.setSecurityManager" />
        <property name="arguments" ref="securityManager" />
    </bean>

</beans>